<?xml version = "1.0"?>

<!-- Fig. 20.30 : sorting.xml         -->
<!-- Usage of elements and attributes -->


<book isbn = "999-99999-9-X">
   <title>Deitel&apos;s XML Primer</title>

   <author>
      <firstName>Paul</firstName>
      <lastName>Deitel</lastName>
   </author>

   <chapters>
      <frontMatter>
         <preface pages = "2"/>
         <contents pages = "5"/>
         <illustrations pages = "4"/>
      </frontMatter>

      <chapter number = "3" pages = "44">
         Advanced XML</chapter>
      <chapter number = "2" pages = "35">
         Intermediate XML</chapter>
      <appendix number = "B" pages = "26">
         Parsers and Tools</appendix>
      <appendix number = "A" pages = "7">
         Entities</appendix>
      <chapter number = "1" pages = "28">
         XML Fundamentals</chapter>
   </chapters>

   <media type = "CD"/>
</book>

<!--
**************************************************************************
* (C) Copyright 1992-2004 by Deitel & Associates, Inc. and               *
* Pearson Education, Inc. All Rights Reserved.                           *
*                                                                        *
* DISCLAIMER: The authors and publisher of this book have used their     *
* best efforts in preparing the book. These efforts include the          *
* development, research, and testing of the theories and programs        *
* to determine their effectiveness. The authors and publisher make       *
* no warranty of any kind, expressed or implied, with regard to these    *
* programs or to the documentation contained in these books. The authors *
* and publisher shall not be liable in any event for incidental or       *
* consequential damages in connection with, or arising out of, the       *
* furnishing, performance, or use of these programs.                     *
**************************************************************************
-->